http://www.baptiste-wicht.com/2011/06/eddi-0-2-1-integer-operations-and-optimizations/,http://www.baptiste-wicht.com/posts/2011/06/eddi-0-2-1-integer-operations-and-optimizations.html
http://www.baptiste-wicht.com/2012/12/eddic-1-2-1-string-concatenation-and-vector/,http://www.baptiste-wicht.com/posts/2012/12/eddic-1-2-1-string-concatenation-and-vector.html
http://www.baptiste-wicht.com/2011/09/packt-open-source-awards-2011/,http://www.baptiste-wicht.com/posts/2011/09/packt-open-source-awards-2011.html
http://www.baptiste-wicht.com/2010/09/jtheque-utils-1-1-5/,http://www.baptiste-wicht.com/posts/2010/09/jtheque-utils-1-1-5.html
http://www.baptiste-wicht.com/2012/09/eddi-compiler-1-1-3-templates/,http://www.baptiste-wicht.com/posts/2012/09/eddi-compiler-1-1-3-templates.html
http://www.baptiste-wicht.com/2012/01/install-insight-debugger-linux-mint-ubuntu/,http://www.baptiste-wicht.com/posts/2012/01/install-insight-debugger-linux-mint-ubuntu.html
http://www.baptiste-wicht.com/2011/09/book-review-effective-c/,http://www.baptiste-wicht.com/posts/2011/09/book-review-effective-c.html
http://www.baptiste-wicht.com/2012/03/eddic-0-9-floating-point-support/,http://www.baptiste-wicht.com/posts/2012/03/eddic-0-9-floating-point-support.html
http://www.baptiste-wicht.com/2010/01/new-design-jtheque-website/,http://www.baptiste-wicht.com/posts/2010/01/new-design-jtheque-website.html
http://www.baptiste-wicht.com/2011/12/merry-christmas/,http://www.baptiste-wicht.com/posts/2011/12/merry-christmas.html
http://www.baptiste-wicht.com/2010/05/ubuntu-lucid-lynx-buttons-right/,http://www.baptiste-wicht.com/posts/2010/05/ubuntu-lucid-lynx-buttons-right.html
http://www.baptiste-wicht.com/2010/05/modular-application-loading-modules/,http://www.baptiste-wicht.com/posts/2010/05/modular-application-loading-modules.html
http://www.baptiste-wicht.com/2010/08/java-file-copy-benchmarks-update/,http://www.baptiste-wicht.com/posts/2010/08/java-file-copy-benchmarks-update.html
http://www.baptiste-wicht.com/2011/07/eddi-0-4-native-compilation-swap/,http://www.baptiste-wicht.com/posts/2011/07/eddi-0-4-native-compilation-swap.html
http://www.baptiste-wicht.com/2010/08/tip-launch-java-applications-from-java-applications-with-ant/,http://www.baptiste-wicht.com/posts/2010/08/tip-launch-java-applications-from-java-applications-with-ant.html
http://www.baptiste-wicht.com/2010/03/java-swing-focus/,http://www.baptiste-wicht.com/posts/2010/03/java-swing-focus.html
http://www.baptiste-wicht.com/2010/08/file-copy-in-java-benchmark/,http://www.baptiste-wicht.com/posts/2010/08/file-copy-in-java-benchmark.html
http://www.baptiste-wicht.com/2010/03/4-reasons-not-using-osmorc-anymore/,http://www.baptiste-wicht.com/posts/2010/03/4-reasons-not-using-osmorc-anymore.html
http://www.baptiste-wicht.com/2010/05/switch-kubuntu-to-ubuntu/,http://www.baptiste-wicht.com/posts/2010/05/switch-kubuntu-to-ubuntu.html
http://www.baptiste-wicht.com/2012/03/1726/,http://www.baptiste-wicht.com/stories/2012/03/1726.html
http://www.baptiste-wicht.com/2010/04/jetbrains-released-intellij-idea-9-0-2/,http://www.baptiste-wicht.com/posts/2010/04/jetbrains-released-intellij-idea-9-0-2.html
http://www.baptiste-wicht.com/2011/11/new-theme-site/,http://www.baptiste-wicht.com/posts/2011/11/new-theme-site.html
http://www.baptiste-wicht.com/2010/05/jtheque-licensed-under-apache-license-2-0/,http://www.baptiste-wicht.com/posts/2010/05/jtheque-licensed-under-apache-license-2-0.html
http://www.baptiste-wicht.com/2012/09/packt-publishing-thousandth-book-celebration/,http://www.baptiste-wicht.com/posts/2012/09/packt-publishing-thousandth-book-celebration.html
http://www.baptiste-wicht.com/2010/04/10-most-useful-google-tools/,http://www.baptiste-wicht.com/posts/2010/04/10-most-useful-google-tools.html
http://www.baptiste-wicht.com/2010/04/using-substance-look-and-feel-in-osgi/,http://www.baptiste-wicht.com/posts/2010/04/using-substance-look-and-feel-in-osgi.html
http://www.baptiste-wicht.com/2012/03/1730/,http://www.baptiste-wicht.com/stories/2012/03/1730.html
http://www.baptiste-wicht.com/2010/05/modular-application-modules/,http://www.baptiste-wicht.com/posts/2010/05/modular-application-modules.html
http://www.baptiste-wicht.com/2010/04/java-7-updates-project-coin/,http://www.baptiste-wicht.com/posts/2010/04/java-7-updates-project-coin.html
http://www.baptiste-wicht.com/2011/05/now-writing-from-berkeley-california/,http://www.baptiste-wicht.com/posts/2011/05/now-writing-from-berkeley-california.html
http://www.baptiste-wicht.com/2010/03/sonar-2-0-released/,http://www.baptiste-wicht.com/posts/2010/03/sonar-2-0-released.html
http://www.baptiste-wicht.com/2011/11/dynamic-memory-allocation-intel-assembly-linux/,http://www.baptiste-wicht.com/posts/2011/11/dynamic-memory-allocation-intel-assembly-linux.html
http://www.baptiste-wicht.com/2010/06/how-to-choose-a-monitor/,http://www.baptiste-wicht.com/posts/2010/06/how-to-choose-a-monitor.html
http://www.baptiste-wicht.com/2010/09/java-synchronization-mutual-exclusion-benchmark/,http://www.baptiste-wicht.com/posts/2010/09/java-synchronization-mutual-exclusion-benchmark.html
http://www.baptiste-wicht.com/2010/09/java-concurrency-atomic-variables/,http://www.baptiste-wicht.com/posts/2010/09/java-concurrency-atomic-variables.html
http://www.baptiste-wicht.com/2013/12/thor-os-boot-process/,http://www.baptiste-wicht.com/posts/2013/12/thor-os-boot-process.html
http://www.baptiste-wicht.com/2010/02/logging-with-slf4j/,http://www.baptiste-wicht.com/posts/2010/02/logging-with-slf4j.html
http://www.baptiste-wicht.com/2010/04/drag-and-drop-files-to-gmail/,http://www.baptiste-wicht.com/posts/2010/04/drag-and-drop-files-to-gmail.html
http://www.baptiste-wicht.com/2010/01/dont-use-shorts-in-loop/,http://www.baptiste-wicht.com/posts/2010/01/dont-use-shorts-in-loop.html
http://www.baptiste-wicht.com/2011/06/solve-file-param-is-missing-problem-of-w3-total-cache/,http://www.baptiste-wicht.com/posts/2011/06/solve-file-param-is-missing-problem-of-w3-total-cache.html
http://www.baptiste-wicht.com/2013/12/gentoo-tips-avoid-gnome-3-8-emerged-automatically/,http://www.baptiste-wicht.com/posts/2013/12/gentoo-tips-avoid-gnome-3-8-emerged-automatically.html
http://www.baptiste-wicht.com/2010/04/maven-3-0-beta-1-is-here/,http://www.baptiste-wicht.com/posts/2010/04/maven-3-0-beta-1-is-here.html
http://www.baptiste-wicht.com/2013/07/home-server-adventure-step-1/,http://www.baptiste-wicht.com/posts/2013/07/home-server-adventure-step-1.html
http://www.baptiste-wicht.com/2011/07/eddi-0-4-1-loops-and-better-assembly-generation/,http://www.baptiste-wicht.com/posts/2011/07/eddi-0-4-1-loops-and-better-assembly-generation.html
http://www.baptiste-wicht.com/2012/03/a-new-theme-for-the-site/,http://www.baptiste-wicht.com/posts/2012/03/a-new-theme-for-the-site.html
http://www.baptiste-wicht.com/faq/,http://www.baptiste-wicht.com/stories/faq.html
http://www.baptiste-wicht.com/2012/03/1716/,http://www.baptiste-wicht.com/stories/2012/03/1716.html
http://www.baptiste-wicht.com/2012/12/cpp-benchmark-vector-list-deque/,http://www.baptiste-wicht.com/posts/2012/12/cpp-benchmark-vector-list-deque.html
http://www.baptiste-wicht.com/2010/07/modular-java-book-review/,http://www.baptiste-wicht.com/posts/2010/07/modular-java-book-review.html
http://www.baptiste-wicht.com/2012/11/eddic-compiles-with-clang-3-1/,http://www.baptiste-wicht.com/posts/2012/11/eddic-compiles-with-clang-3-1.html
http://www.baptiste-wicht.com/2012/01/eddic-0-7-compiler-model-optimizations/,http://www.baptiste-wicht.com/posts/2012/01/eddic-0-7-compiler-model-optimizations.html
http://www.baptiste-wicht.com/2013/01/eddic-1-2-2-performances-optimization-library/,http://www.baptiste-wicht.com/posts/2013/01/eddic-1-2-2-performances-optimization-library.html
http://www.baptiste-wicht.com/2012/03/1727/,http://www.baptiste-wicht.com/stories/2012/03/1727.html
http://www.baptiste-wicht.com/2010/08/presentation-usage-h2-database-engine/,http://www.baptiste-wicht.com/posts/2010/08/presentation-usage-h2-database-engine.html
http://www.baptiste-wicht.com/2010/07/profile-applications-java-visualvm/,http://www.baptiste-wicht.com/posts/2010/07/profile-applications-java-visualvm.html
http://www.baptiste-wicht.com/2011/12/wordpress-3-3-sonny-released/,http://www.baptiste-wicht.com/posts/2011/12/wordpress-3-3-sonny-released.html
http://www.baptiste-wicht.com/2010/09/save-time-with-the-gmail-priority-inbox/,http://www.baptiste-wicht.com/posts/2010/09/save-time-with-the-gmail-priority-inbox.html
http://www.baptiste-wicht.com/2010/07/play-framework-template-engine/,http://www.baptiste-wicht.com/posts/2010/07/play-framework-template-engine.html
http://www.baptiste-wicht.com/2012/06/the-site-now-running-wordpress-3-4/,http://www.baptiste-wicht.com/posts/2012/06/the-site-now-running-wordpress-3-4.html
http://www.baptiste-wicht.com/2012/08/architexa-free-understand-code-base/,http://www.baptiste-wicht.com/posts/2012/08/architexa-free-understand-code-base.html
http://www.baptiste-wicht.com/2011/01/export-a-sharepoint-2010-site-as-solution-package/,http://www.baptiste-wicht.com/posts/2011/01/export-a-sharepoint-2010-site-as-solution-package.html
http://www.baptiste-wicht.com/2010/09/hardware-guide-the-power-supply/,http://www.baptiste-wicht.com/posts/2010/09/hardware-guide-the-power-supply.html
http://www.baptiste-wicht.com/2010/07/intellij-idea-9-0-3-is-here/,http://www.baptiste-wicht.com/posts/2010/07/intellij-idea-9-0-3-is-here.html
http://www.baptiste-wicht.com/2012/01/compilers-principles-techniques-tools/,http://www.baptiste-wicht.com/posts/2012/01/compilers-principles-techniques-tools.html
http://www.baptiste-wicht.com/2012/04/switching-gentoo-linux/,http://www.baptiste-wicht.com/posts/2012/04/switching-gentoo-linux.html
http://www.baptiste-wicht.com/2010/09/solve-einsteins-riddle-using-prolog/,http://www.baptiste-wicht.com/posts/2010/09/solve-einsteins-riddle-using-prolog.html
http://www.baptiste-wicht.com/2012/05/compiler-architecture-refinements-eddic/,http://www.baptiste-wicht.com/posts/2012/05/compiler-architecture-refinements-eddic.html
http://www.baptiste-wicht.com/2012/03/cp11-concurrency-tutorial-part-2-protect-shared-data/,http://www.baptiste-wicht.com/posts/2012/03/cp11-concurrency-tutorial-part-2-protect-shared-data.html
http://www.baptiste-wicht.com/2012/03/introduction-64-bit-intel-assembly-language-programming-linux-book-review/,http://www.baptiste-wicht.com/posts/2012/03/introduction-64-bit-intel-assembly-language-programming-linux-book-review.html
http://www.baptiste-wicht.com/2013/06/improving-eddic-boost-spirit-parser-performances/,http://www.baptiste-wicht.com/posts/2013/06/improving-eddic-boost-spirit-parser-performances.html
http://www.baptiste-wicht.com/2010/07/version-control-with-git-book-review/,http://www.baptiste-wicht.com/posts/2010/07/version-control-with-git-book-review.html
http://www.baptiste-wicht.com/2010/05/java-concurrency-part-2-manipulate-threads/,http://www.baptiste-wicht.com/posts/2010/05/java-concurrency-part-2-manipulate-threads.html
http://www.baptiste-wicht.com/2010/07/osgi-hello-world-services/,http://www.baptiste-wicht.com/posts/2010/07/osgi-hello-world-services.html
http://www.baptiste-wicht.com/2012/03/1729/,http://www.baptiste-wicht.com/stories/2012/03/1729.html
http://www.baptiste-wicht.com/2013/03/eddic-1-2-3-better-data-flow-analysis/,http://www.baptiste-wicht.com/posts/2013/03/eddic-1-2-3-better-data-flow-analysis.html
http://www.baptiste-wicht.com/2010/07/top-15-best-wordpress-plugins/,http://www.baptiste-wicht.com/posts/2010/07/top-15-best-wordpress-plugins.html
http://www.baptiste-wicht.com/2013/06/some-news/,http://www.baptiste-wicht.com/posts/2013/06/some-news.html
http://www.baptiste-wicht.com/2010/03/osgi-enterprise-4-2-available/,http://www.baptiste-wicht.com/posts/2010/03/osgi-enterprise-4-2-available.html
http://www.baptiste-wicht.com/2012/11/gcc-4-7-clang-3-1-eddic/,http://www.baptiste-wicht.com/posts/2012/11/gcc-4-7-clang-3-1-eddic.html
http://www.baptiste-wicht.com/2010/02/modular-application-jtheque-core-2-0-3/,http://www.baptiste-wicht.com/posts/2010/02/modular-application-jtheque-core-2-0-3.html
http://www.baptiste-wicht.com/2012/03/1724/,http://www.baptiste-wicht.com/stories/2012/03/1724.html
http://www.baptiste-wicht.com/2011/09/google-is-open-to-all/,http://www.baptiste-wicht.com/posts/2011/09/google-is-open-to-all.html
http://www.baptiste-wicht.com/2010/09/java-concurrency-part-5-monitors-locks-and-conditions/,http://www.baptiste-wicht.com/posts/2010/09/java-concurrency-part-5-monitors-locks-and-conditions.html
http://www.baptiste-wicht.com/2010/10/jtheque-core-2-1-0-released/,http://www.baptiste-wicht.com/posts/2010/10/jtheque-core-2-1-0-released.html
http://www.baptiste-wicht.com/2010/08/holidays/,http://www.baptiste-wicht.com/posts/2010/08/holidays.html
http://www.baptiste-wicht.com/2012/02/cojac-a-numerical-problem-sniffer/,http://www.baptiste-wicht.com/posts/2012/02/cojac-a-numerical-problem-sniffer.html
http://www.baptiste-wicht.com/2012/08/memory-manager-intel-assembly-64-linux/,http://www.baptiste-wicht.com/posts/2012/08/memory-manager-intel-assembly-64-linux.html
http://www.baptiste-wicht.com/2013/07/zyxel-gs1910-managed-gigabit-switch-review/,http://www.baptiste-wicht.com/posts/2013/07/zyxel-gs1910-managed-gigabit-switch-review.html
http://www.baptiste-wicht.com/2011/06/eddi-new-programming-language/,http://www.baptiste-wicht.com/posts/2011/06/eddi-new-programming-language.html
http://www.baptiste-wicht.com/2010/07/state-of-the-lambda/,http://www.baptiste-wicht.com/posts/2010/07/state-of-the-lambda.html
http://www.baptiste-wicht.com/2010/08/java-concurrrency-synchronization-locks/,http://www.baptiste-wicht.com/posts/2010/08/java-concurrrency-synchronization-locks.html
http://www.baptiste-wicht.com/2011/10/eddic-0-5-functions-foreach/,http://www.baptiste-wicht.com/posts/2011/10/eddic-0-5-functions-foreach.html
http://www.baptiste-wicht.com/2014/01/budgetwarrior-0-2-1-minor-changes-gentoo-ebuild/,http://www.baptiste-wicht.com/posts/2014/01/budgetwarrior-0-2-1-minor-changes-gentoo-ebuild.html
http://www.baptiste-wicht.com/2010/07/tip-profile-osgi-application-visualvm/,http://www.baptiste-wicht.com/posts/2010/07/tip-profile-osgi-application-visualvm.html
http://www.baptiste-wicht.com/2010/07/integrate-play-framework-intellij-idea/,http://www.baptiste-wicht.com/posts/2010/07/integrate-play-framework-intellij-idea.html
http://www.baptiste-wicht.com/2010/03/mock-objects-easymock/,http://www.baptiste-wicht.com/posts/2010/03/mock-objects-easymock.html
http://www.baptiste-wicht.com/2010/07/intellij-idea-10-eap-is-here/,http://www.baptiste-wicht.com/posts/2010/07/intellij-idea-10-eap-is-here.html
http://www.baptiste-wicht.com/2012/05/advanced-compiler-design-and-implementation-book-review/,http://www.baptiste-wicht.com/posts/2012/05/advanced-compiler-design-and-implementation-book-review.html
http://www.baptiste-wicht.com/2010/04/jtheque-problems-migrating-osgi/,http://www.baptiste-wicht.com/posts/2010/04/jtheque-problems-migrating-osgi.html
http://www.baptiste-wicht.com/2014/02/budgetwarrior-0-3-0-objective-wish-management/,http://www.baptiste-wicht.com/posts/2014/02/budgetwarrior-0-3-0-objective-wish-management.html
http://www.baptiste-wicht.com/2010/09/jdk-7-features-updated-plan-b-is-apparently-here/,http://www.baptiste-wicht.com/posts/2010/09/jdk-7-features-updated-plan-b-is-apparently-here.html
http://www.baptiste-wicht.com/2010/04/java-7-new-io-features-asynchronous-operations-multicasting-random-access-with-jsr-203-nio-2/,http://www.baptiste-wicht.com/posts/2010/04/java-7-new-io-features-asynchronous-operations-multicasting-random-access-with-jsr-203-nio-2.html
http://www.baptiste-wicht.com/2010/05/oracle-pushes-a-first-version-of-closures/,http://www.baptiste-wicht.com/posts/2010/05/oracle-pushes-a-first-version-of-closures.html
http://www.baptiste-wicht.com/2012/11/integer-linear-time-sorting-algorithms/,http://www.baptiste-wicht.com/posts/2012/11/integer-linear-time-sorting-algorithms.html
http://www.baptiste-wicht.com/2009/12/google-analytics-asynchronous/,http://www.baptiste-wicht.com/posts/2009/12/google-analytics-asynchronous.html
http://www.baptiste-wicht.com/2010/07/asynchronous-message-passing-jr/,http://www.baptiste-wicht.com/posts/2010/07/asynchronous-message-passing-jr.html
http://www.baptiste-wicht.com/2014/01/home-server-adventure-step-3/,http://www.baptiste-wicht.com/posts/2014/01/home-server-adventure-step-3.html
http://www.baptiste-wicht.com/2010/06/jr-operations-and-capabilities/,http://www.baptiste-wicht.com/posts/2010/06/jr-operations-and-capabilities.html
http://www.baptiste-wicht.com/2010/06/monitor-programming-in-jr/,http://www.baptiste-wicht.com/posts/2010/06/monitor-programming-in-jr.html
http://www.baptiste-wicht.com/2012/03/1717/,http://www.baptiste-wicht.com/stories/2012/03/1717.html
http://www.baptiste-wicht.com/publications/,http://www.baptiste-wicht.com/stories/publications.html
http://www.baptiste-wicht.com/2010/07/rendezvous-concurrency-jr/,http://www.baptiste-wicht.com/posts/2010/07/rendezvous-concurrency-jr.html
http://www.baptiste-wicht.com/2012/09/linux-symbolic-links-hard-links/,http://www.baptiste-wicht.com/posts/2012/09/linux-symbolic-links-hard-links.html
http://www.baptiste-wicht.com/2011/11/print-strings-integers-intel-assembly/,http://www.baptiste-wicht.com/posts/2011/11/print-strings-integers-intel-assembly.html
http://www.baptiste-wicht.com/2011/05/avoid-scrolling-problems-in-kile-when-using-gnome/,http://www.baptiste-wicht.com/posts/2011/05/avoid-scrolling-problems-in-kile-when-using-gnome.html
http://www.baptiste-wicht.com/2012/03/1725/,http://www.baptiste-wicht.com/stories/2012/03/1725.html
http://www.baptiste-wicht.com/2010/10/compute-command-line-arguments-with-apache-commons-cli/,http://www.baptiste-wicht.com/posts/2010/10/compute-command-line-arguments-with-apache-commons-cli.html
http://www.baptiste-wicht.com/2012/12/wordpress-plugin-google-visualization-charts/,http://www.baptiste-wicht.com/posts/2012/12/wordpress-plugin-google-visualization-charts.html
http://www.baptiste-wicht.com/2010/05/evernote-a-very-smart-note-book/,http://www.baptiste-wicht.com/posts/2010/05/evernote-a-very-smart-note-book.html
http://www.baptiste-wicht.com/2012/09/cmake-compile-latex-documents/,http://www.baptiste-wicht.com/posts/2012/09/cmake-compile-latex-documents.html
http://www.baptiste-wicht.com/2010/08/generate-graphs-benchmarks-easily/,http://www.baptiste-wicht.com/posts/2010/08/generate-graphs-benchmarks-easily.html
http://www.baptiste-wicht.com/2012/06/eddi-compiler-1-0-1-pointers-better-struct-support/,http://www.baptiste-wicht.com/posts/2012/06/eddi-compiler-1-0-1-pointers-better-struct-support.html
http://www.baptiste-wicht.com/2010/01/install-jr-windows/,http://www.baptiste-wicht.com/posts/2010/01/install-jr-windows.html
http://www.baptiste-wicht.com/2011/09/profile-c-application-with-callgrind-kcachegrind/,http://www.baptiste-wicht.com/posts/2011/09/profile-c-application-with-callgrind-kcachegrind.html
http://www.baptiste-wicht.com/2012/03/cpp11-concurrency-part1-start-threads/,http://www.baptiste-wicht.com/posts/2012/03/cpp11-concurrency-part1-start-threads.html
http://www.baptiste-wicht.com/2010/04/closest-pair-of-point-plane-sweep-algorithm/,http://www.baptiste-wicht.com/posts/2010/04/closest-pair-of-point-plane-sweep-algorithm.html
http://www.baptiste-wicht.com/2012/11/eddic-compiler-1-1-4-graph-coloring-register-allocation/,http://www.baptiste-wicht.com/posts/2012/11/eddic-compiler-1-1-4-graph-coloring-register-allocation.html
http://www.baptiste-wicht.com/2011/06/write-and-read-binary-files-in-c/,http://www.baptiste-wicht.com/posts/2011/06/write-and-read-binary-files-in-c.html
http://www.baptiste-wicht.com/2010/04/links-of-the-week-3/,http://www.baptiste-wicht.com/posts/2010/04/links-of-the-week-3.html
http://www.baptiste-wicht.com/2012/03/1718/,http://www.baptiste-wicht.com/stories/2012/03/1718.html
http://www.baptiste-wicht.com/2012/07/eddi-compiler-1-1-0-member-functions/,http://www.baptiste-wicht.com/posts/2012/07/eddi-compiler-1-1-0-member-functions.html
http://www.baptiste-wicht.com/2012/07/manage-command-line-boost-program-options/,http://www.baptiste-wicht.com/posts/2012/07/manage-command-line-boost-program-options.html
http://www.baptiste-wicht.com/2010/03/nio-2-path-api-java-7/,http://www.baptiste-wicht.com/posts/2010/03/nio-2-path-api-java-7.html
http://www.baptiste-wicht.com/2012/09/back-in-berkeley-california/,http://www.baptiste-wicht.com/posts/2012/09/back-in-berkeley-california.html
http://www.baptiste-wicht.com/2010/05/java-7-add-public-defender-methods-to-java-interfaces/,http://www.baptiste-wicht.com/posts/2010/05/java-7-add-public-defender-methods-to-java-interfaces.html
http://www.baptiste-wicht.com/2012/02/eddic-0-8-1-do-while-loop-and-better-optimization/,http://www.baptiste-wicht.com/posts/2012/02/eddic-0-8-1-do-while-loop-and-better-optimization.html
http://www.baptiste-wicht.com/2011/07/profile-applications-linux-perf-tools/,http://www.baptiste-wicht.com/posts/2011/07/profile-applications-linux-perf-tools.html
http://www.baptiste-wicht.com/2011/11/eddic-0-5-1-better-assembly-generation-and-faster-parsing/,http://www.baptiste-wicht.com/posts/2011/11/eddic-0-5-1-better-assembly-generation-and-faster-parsing.html
http://www.baptiste-wicht.com/2012/08/algorithms-books-reviews/,http://www.baptiste-wicht.com/posts/2012/08/algorithms-books-reviews.html
http://www.baptiste-wicht.com/2010/07/tip-how-to-solve-agent-admitted-failure-to-sign-using-the-key-error/,http://www.baptiste-wicht.com/posts/2010/07/tip-how-to-solve-agent-admitted-failure-to-sign-using-the-key-error.html
http://www.baptiste-wicht.com/2010/01/jr-introduction/,http://www.baptiste-wicht.com/posts/2010/01/jr-introduction.html
http://www.baptiste-wicht.com/2010/02/java-keywords/,http://www.baptiste-wicht.com/posts/2010/02/java-keywords.html
http://www.baptiste-wicht.com/2011/07/java-7-has-been-released/,http://www.baptiste-wicht.com/posts/2011/07/java-7-has-been-released.html
http://www.baptiste-wicht.com/2012/06/eddic-1-0-structures-global-optimizations/,http://www.baptiste-wicht.com/posts/2012/06/eddic-1-0-structures-global-optimizations.html
http://www.baptiste-wicht.com/2010/09/the-pragmatic-programmer-book-review/,http://www.baptiste-wicht.com/posts/2010/09/the-pragmatic-programmer-book-review.html
http://www.baptiste-wicht.com/2010/07/effective-java-second-edition-book-review/,http://www.baptiste-wicht.com/posts/2010/07/effective-java-second-edition-book-review.html
http://www.baptiste-wicht.com/2010/05/15-years-birthday-of-java-a-bit-late/,http://www.baptiste-wicht.com/posts/2010/05/15-years-birthday-of-java-a-bit-late.html
http://www.baptiste-wicht.com/2010/07/jr-virtual-machines/,http://www.baptiste-wicht.com/posts/2010/07/jr-virtual-machines.html
http://www.baptiste-wicht.com/2011/10/diploma-thesis-inlining-assistance-for-large-scale-object-oriented-applications/,http://www.baptiste-wicht.com/posts/2011/10/diploma-thesis-inlining-assistance-for-large-scale-object-oriented-applications.html
http://www.baptiste-wicht.com/2011/11/boost-intrusive_ptr/,http://www.baptiste-wicht.com/posts/2011/11/boost-intrusive_ptr.html
http://www.baptiste-wicht.com/2010/05/java-concurrency-part-1-threads/,http://www.baptiste-wicht.com/posts/2010/05/java-concurrency-part-1-threads.html
http://www.baptiste-wicht.com/2010/09/java-concurrency-part-7-executors-and-thread-pools/,http://www.baptiste-wicht.com/posts/2010/09/java-concurrency-part-7-executors-and-thread-pools.html
http://www.baptiste-wicht.com/2011/06/no-more-ads-on-the-site/,http://www.baptiste-wicht.com/posts/2011/06/no-more-ads-on-the-site.html
http://www.baptiste-wicht.com/2011/06/eddi-0-2-types-and-variables/,http://www.baptiste-wicht.com/posts/2011/06/eddi-0-2-types-and-variables.html
http://www.baptiste-wicht.com/2012/01/boost-enable_if-handle-ambiguous-function-overload-void/,http://www.baptiste-wicht.com/posts/2012/01/boost-enable_if-handle-ambiguous-function-overload-void.html
http://www.baptiste-wicht.com/2013/12/new-hobby-project-thor-os-64bit-operating-system-c/,http://www.baptiste-wicht.com/posts/2013/12/new-hobby-project-thor-os-64bit-operating-system-c.html
http://www.baptiste-wicht.com/2012/03/1722/,http://www.baptiste-wicht.com/stories/2012/03/1722.html
http://www.baptiste-wicht.com/2012/07/eddi-compiler-1-0-3-inlining-register-allocation/,http://www.baptiste-wicht.com/posts/2012/07/eddi-compiler-1-0-3-inlining-register-allocation.html
http://www.baptiste-wicht.com/2011/06/book-review-accelerated-cpp/,http://www.baptiste-wicht.com/posts/2011/06/book-review-accelerated-cpp.html
http://www.baptiste-wicht.com/2010/08/a-website-for-jtheque/,http://www.baptiste-wicht.com/posts/2010/08/a-website-for-jtheque.html
http://www.baptiste-wicht.com/2010/07/java-se-6-update-21-released/,http://www.baptiste-wicht.com/posts/2010/07/java-se-6-update-21-released.html
http://www.baptiste-wicht.com/2012/08/eddi-compiler-1-1-2-read-command-line/,http://www.baptiste-wicht.com/posts/2012/08/eddi-compiler-1-1-2-read-command-line.html
http://www.baptiste-wicht.com/2009/12/swing-user-interface-jtable/,http://www.baptiste-wicht.com/posts/2009/12/swing-user-interface-jtable.html
http://www.baptiste-wicht.com/2010/05/develop-a-modular-application-implementation/,http://www.baptiste-wicht.com/posts/2010/05/develop-a-modular-application-implementation.html
http://www.baptiste-wicht.com/2011/06/upload-files-to-ftp-using-bash/,http://www.baptiste-wicht.com/posts/2011/06/upload-files-to-ftp-using-bash.html
http://www.baptiste-wicht.com/2010/07/discover-java-visualvm-1-3/,http://www.baptiste-wicht.com/posts/2010/07/discover-java-visualvm-1-3.html
http://www.baptiste-wicht.com/2010/03/hardware-guide-memory/,http://www.baptiste-wicht.com/posts/2010/03/hardware-guide-memory.html
http://www.baptiste-wicht.com/2012/07/eddi-compiler-1-0-2-better-pointer-support-new-optimizations/,http://www.baptiste-wicht.com/posts/2012/07/eddi-compiler-1-0-2-better-pointer-support-new-optimizations.html
http://www.baptiste-wicht.com/2012/12/cmake-rerun-last-failed-tests-ctest/,http://www.baptiste-wicht.com/posts/2012/12/cmake-rerun-last-failed-tests-ctest.html
http://www.baptiste-wicht.com/2010/05/better-exception-handling-in-java-7-multicatch-and-final-rethrow/,http://www.baptiste-wicht.com/posts/2010/05/better-exception-handling-in-java-7-multicatch-and-final-rethrow.html
http://www.baptiste-wicht.com/2012/02/eddic-0-8-64bit-generation/,http://www.baptiste-wicht.com/posts/2012/02/eddic-0-8-64bit-generation.html
http://www.baptiste-wicht.com/2012/11/cmakelatex-1-0-2-nomenclature-filters/,http://www.baptiste-wicht.com/posts/2012/11/cmakelatex-1-0-2-nomenclature-filters.html
http://www.baptiste-wicht.com/2010/03/welcome-to-my-new-website/,http://www.baptiste-wicht.com/posts/2010/03/welcome-to-my-new-website.html
http://www.baptiste-wicht.com/2010/04/java-7-more-concurrency/,http://www.baptiste-wicht.com/posts/2010/04/java-7-more-concurrency.html
http://www.baptiste-wicht.com/2010/07/osgi-spring-dynamic-modules-hello-world/,http://www.baptiste-wicht.com/posts/2010/07/osgi-spring-dynamic-modules-hello-world.html
http://www.baptiste-wicht.com/2012/07/c11-concurrency-tutorial-part-4-atomic-type/,http://www.baptiste-wicht.com/posts/2012/07/c11-concurrency-tutorial-part-4-atomic-type.html
http://www.baptiste-wicht.com/2010/07/getting-started-play-framework/,http://www.baptiste-wicht.com/posts/2010/07/getting-started-play-framework.html
http://www.baptiste-wicht.com/2011/09/book-review-more-effective-c/,http://www.baptiste-wicht.com/posts/2011/09/book-review-more-effective-c.html
http://www.baptiste-wicht.com/2011/11/eddi-compiler-0-6-1/,http://www.baptiste-wicht.com/posts/2011/11/eddi-compiler-0-6-1.html
http://www.baptiste-wicht.com/2012/02/assembly-language-step-by-step-book-review/,http://www.baptiste-wicht.com/posts/2012/02/assembly-language-step-by-step-book-review.html
http://www.baptiste-wicht.com/2011/11/cpp-templates-complete-guide-book/,http://www.baptiste-wicht.com/posts/2011/11/cpp-templates-complete-guide-book.html
http://www.baptiste-wicht.com/2010/04/ubuntu-lucid-lynx-10-04/,http://www.baptiste-wicht.com/posts/2010/04/ubuntu-lucid-lynx-10-04.html
http://www.baptiste-wicht.com/2010/06/jtheque-is-migrating-to-git/,http://www.baptiste-wicht.com/posts/2010/06/jtheque-is-migrating-to-git.html
http://www.baptiste-wicht.com/donate/,http://www.baptiste-wicht.com/stories/donate.html
http://www.baptiste-wicht.com/2010/05/improve-performance-builds-maven-cli-plugin/,http://www.baptiste-wicht.com/posts/2010/05/improve-performance-builds-maven-cli-plugin.html
http://www.baptiste-wicht.com/2010/04/java-7-the-new-java-util-objects-class/,http://www.baptiste-wicht.com/posts/2010/04/java-7-the-new-java-util-objects-class.html
http://www.baptiste-wicht.com/2010/04/passed-scjp-exam/,http://www.baptiste-wicht.com/posts/2010/04/passed-scjp-exam.html
http://www.baptiste-wicht.com/2012/07/taskwarrior-php-frontend-0-1/,http://www.baptiste-wicht.com/posts/2012/07/taskwarrior-php-frontend-0-1.html
http://www.baptiste-wicht.com/2013/07/why-how-left-windows-for-linux/,http://www.baptiste-wicht.com/posts/2013/07/why-how-left-windows-for-linux.html
http://www.baptiste-wicht.com/legal/,http://www.baptiste-wicht.com/stories/legal.html
http://www.baptiste-wicht.com/2012/03/1723/,http://www.baptiste-wicht.com/stories/2012/03/1723.html
http://www.baptiste-wicht.com/2010/05/improve-performances-wordpress-w3-total-cache/,http://www.baptiste-wicht.com/posts/2010/05/improve-performances-wordpress-w3-total-cache.html
http://www.baptiste-wicht.com/2009/12/jtheque-movies-1-0/,http://www.baptiste-wicht.com/posts/2009/12/jtheque-movies-1-0.html
http://www.baptiste-wicht.com/2010/08/java-concurrency-in-practice-book-review/,http://www.baptiste-wicht.com/posts/2010/08/java-concurrency-in-practice-book-review.html
http://www.baptiste-wicht.com/contact/,http://www.baptiste-wicht.com/stories/contact.html
http://www.baptiste-wicht.com/2010/03/osgi-and-cyclic-dependencies/,http://www.baptiste-wicht.com/posts/2010/03/osgi-and-cyclic-dependencies.html
http://www.baptiste-wicht.com/2011/06/introduce-variables-on-eddi/,http://www.baptiste-wicht.com/posts/2011/06/introduce-variables-on-eddi.html
http://www.baptiste-wicht.com/2012/04/c11-concurrency-tutorial-advanced-locking-and-condition-variables/,http://www.baptiste-wicht.com/posts/2012/04/c11-concurrency-tutorial-advanced-locking-and-condition-variables.html
http://www.baptiste-wicht.com/2013/12/zabbix-low-level-discovery-cores-cpus-hard-disk/,http://www.baptiste-wicht.com/posts/2013/12/zabbix-low-level-discovery-cores-cpus-hard-disk.html
http://www.baptiste-wicht.com/2010/09/tip-batch-resize-images-on-ubuntu-linux/,http://www.baptiste-wicht.com/posts/2010/09/tip-batch-resize-images-on-ubuntu-linux.html
http://www.baptiste-wicht.com/2012/12/cpp-benchmark-std-list-boost-intrusive-list/,http://www.baptiste-wicht.com/posts/2012/12/cpp-benchmark-std-list-boost-intrusive-list.html
http://www.baptiste-wicht.com/2010/05/first-build-jtheque-sonar-2-0/,http://www.baptiste-wicht.com/posts/2010/05/first-build-jtheque-sonar-2-0.html
http://www.baptiste-wicht.com/2012/07/c11-synchronization-benchmark/,http://www.baptiste-wicht.com/posts/2012/07/c11-synchronization-benchmark.html
http://www.baptiste-wicht.com/about/,http://www.baptiste-wicht.com/stories/about.html
http://www.baptiste-wicht.com/2012/11/cpp-benchmark-vector-vs-list/,http://www.baptiste-wicht.com/posts/2012/11/cpp-benchmark-vector-vs-list.html
http://www.baptiste-wicht.com/2012/02/eddic-0-7-1-boolean-operators/,http://www.baptiste-wicht.com/posts/2012/02/eddic-0-7-1-boolean-operators.html
http://www.baptiste-wicht.com/2010/05/tip-add-resources-dynamically-to-a-classloader/,http://www.baptiste-wicht.com/posts/2010/05/tip-add-resources-dynamically-to-a-classloader.html
http://www.baptiste-wicht.com/2010/08/java-concurrency-part-4-semaphores/,http://www.baptiste-wicht.com/posts/2010/08/java-concurrency-part-4-semaphores.html
http://www.baptiste-wicht.com/2012/02/local-optimization-on-three-address-code/,http://www.baptiste-wicht.com/posts/2012/02/local-optimization-on-three-address-code.html
http://www.baptiste-wicht.com/2012/03/1728/,http://www.baptiste-wicht.com/stories/2012/03/1728.html
http://www.baptiste-wicht.com/2011/10/install-git-flow-linux/,http://www.baptiste-wicht.com/posts/2011/10/install-git-flow-linux.html
http://www.baptiste-wicht.com/2009/12/improve-performance-web-site/,http://www.baptiste-wicht.com/posts/2009/12/improve-performance-web-site.html
http://www.baptiste-wicht.com/2010/08/file-copy-benchmark-updates-once-again/,http://www.baptiste-wicht.com/posts/2010/08/file-copy-benchmark-updates-once-again.html
http://www.baptiste-wicht.com/2012/12/eddic-1-2-0-single-inheritance-copy-constructor/,http://www.baptiste-wicht.com/posts/2012/12/eddic-1-2-0-single-inheritance-copy-constructor.html
http://www.baptiste-wicht.com/2011/07/eddi-0-3-branches-conditions/,http://www.baptiste-wicht.com/posts/2011/07/eddi-0-3-branches-conditions.html
http://www.baptiste-wicht.com/2012/08/jelastic-java-host-recommended-james-gosling/,http://www.baptiste-wicht.com/posts/2012/08/jelastic-java-host-recommended-james-gosling.html
http://www.baptiste-wicht.com/2012/03/eddic-0-9-1-enhanced-floating-point-support/,http://www.baptiste-wicht.com/posts/2012/03/eddic-0-9-1-enhanced-floating-point-support.html
http://www.baptiste-wicht.com/2011/06/git-tip-restore-a-deleted-tag/,http://www.baptiste-wicht.com/posts/2011/06/git-tip-restore-a-deleted-tag.html
http://www.baptiste-wicht.com/2010/07/replace-an-old-copyright-by-a-new-one/,http://www.baptiste-wicht.com/posts/2010/07/replace-an-old-copyright-by-a-new-one.html
http://www.baptiste-wicht.com/2010/04/write-corrects-benchmarks/,http://www.baptiste-wicht.com/posts/2010/04/write-corrects-benchmarks.html
http://www.baptiste-wicht.com/2012/03/enhanced-code-snippets-syntaxhighlighter-evolved/,http://www.baptiste-wicht.com/posts/2012/03/enhanced-code-snippets-syntaxhighlighter-evolved.html
http://www.baptiste-wicht.com/2013/08/norco-rpc-230-case-review/,http://www.baptiste-wicht.com/posts/2013/08/norco-rpc-230-case-review.html
http://www.baptiste-wicht.com/2010/04/substance-6-0-is-out/,http://www.baptiste-wicht.com/posts/2010/04/substance-6-0-is-out.html
http://www.baptiste-wicht.com/2011/10/effective-stl-book-review/,http://www.baptiste-wicht.com/posts/2011/10/effective-stl-book-review.html
http://www.baptiste-wicht.com/2010/09/my-java-benchmarks-on-github/,http://www.baptiste-wicht.com/posts/2010/09/my-java-benchmarks-on-github.html
http://www.baptiste-wicht.com/2012/03/1720/,http://www.baptiste-wicht.com/stories/2012/03/1720.html
http://www.baptiste-wicht.com/2010/03/bookmarks-bar-disappears-google-chrome/,http://www.baptiste-wicht.com/posts/2010/03/bookmarks-bar-disappears-google-chrome.html
http://www.baptiste-wicht.com/2012/07/eddi-compiler-1-1-1-dynamic-memory-allocation-constructors-destructors/,http://www.baptiste-wicht.com/posts/2012/07/eddi-compiler-1-1-1-dynamic-memory-allocation-constructors-destructors.html
http://www.baptiste-wicht.com/2009/12/intellij-idea-9-review/,http://www.baptiste-wicht.com/posts/2009/12/intellij-idea-9-review.html
http://www.baptiste-wicht.com/2011/11/eddi-compiler-0-6-0-arrays/,http://www.baptiste-wicht.com/posts/2011/11/eddi-compiler-0-6-0-arrays.html
http://www.baptiste-wicht.com/2012/03/1721/,http://www.baptiste-wicht.com/stories/2012/03/1721.html
http://www.baptiste-wicht.com/2010/08/java-7-try-with-resources-statement/,http://www.baptiste-wicht.com/posts/2010/08/java-7-try-with-resources-statement.html
http://www.baptiste-wicht.com/2010/03/jtheque-is-going-to-osgi/,http://www.baptiste-wicht.com/posts/2010/03/jtheque-is-going-to-osgi.html
http://www.baptiste-wicht.com/2013/08/home-server-adventure-step-2/,http://www.baptiste-wicht.com/posts/2013/08/home-server-adventure-step-2.html
http://www.baptiste-wicht.com/2012/03/1719/,http://www.baptiste-wicht.com/stories/2012/03/1719.html
http://www.baptiste-wicht.com/2010/04/links-of-the-week-2/,http://www.baptiste-wicht.com/posts/2010/04/links-of-the-week-2.html
http://www.baptiste-wicht.com/2011/08/compute-metrics-of-c-project-using-cccc/,http://www.baptiste-wicht.com/posts/2011/08/compute-metrics-of-c-project-using-cccc.html
http://www.baptiste-wicht.com/2012/12/christmas-offer-buy-packt-publishing-ebooks/,http://www.baptiste-wicht.com/posts/2012/12/christmas-offer-buy-packt-publishing-ebooks.html
http://www.baptiste-wicht.com/2011/01/using-linq-to-query-sharepoint-lists/,http://www.baptiste-wicht.com/posts/2011/01/using-linq-to-query-sharepoint-lists.html
http://www.baptiste-wicht.com/2010/04/java-links-of-the-week/,http://www.baptiste-wicht.com/posts/2010/04/java-links-of-the-week.html
http://www.baptiste-wicht.com/2010/04/java-7-more-dynamics/,http://www.baptiste-wicht.com/posts/2010/04/java-7-more-dynamics.html
http://www.baptiste-wicht.com/2012/04/install-valgrind-on-gentoo-linux/,http://www.baptiste-wicht.com/posts/2012/04/install-valgrind-on-gentoo-linux.html
http://www.baptiste-wicht.com/2011/11/boost-1-48-0-has-been-released/,http://www.baptiste-wicht.com/posts/2011/11/boost-1-48-0-has-been-released.html
http://www.baptiste-wicht.com/2011/12/moodle-promotion-on-packt-publishing-books/,http://www.baptiste-wicht.com/posts/2011/12/moodle-promotion-on-packt-publishing-books.html
http://www.baptiste-wicht.com/2011/11/linux-mint-12-lisa-released/,http://www.baptiste-wicht.com/posts/2011/11/linux-mint-12-lisa-released.html
http://www.baptiste-wicht.com/2010/02/hardware-guide-hard-disks/,http://www.baptiste-wicht.com/posts/2010/02/hardware-guide-hard-disks.html
http://www.baptiste-wicht.com/2011/06/install-specific-version-gcc-ubuntu/,http://www.baptiste-wicht.com/posts/2011/06/install-specific-version-gcc-ubuntu.html
http://www.baptiste-wicht.com/2010/03/bundle-non-osgi-dependencies-maven/,http://www.baptiste-wicht.com/posts/2010/03/bundle-non-osgi-dependencies-maven.html
http://www.baptiste-wicht.com/2010/09/a-better-swingworker/,http://www.baptiste-wicht.com/posts/2010/09/a-better-swingworker.html
http://www.baptiste-wicht.com/2012/01/install-cinnamon-linux-mint/,http://www.baptiste-wicht.com/posts/2012/01/install-cinnamon-linux-mint.html
http://www.baptiste-wicht.com/2010/09/java-7-delays-and-plan-b/,http://www.baptiste-wicht.com/posts/2010/09/java-7-delays-and-plan-b.html
http://www.baptiste-wicht.com/2011/06/this-website-is-now-running-wordpress-3-1-3/,http://www.baptiste-wicht.com/posts/2011/06/this-website-is-now-running-wordpress-3-1-3.html
http://www.baptiste-wicht.com/2013/10/budgetwarrior-0-2-visual-reports-fortune-status-expenses-aggregates/,http://www.baptiste-wicht.com/posts/2013/10/budgetwarrior-0-2-visual-reports-fortune-status-expenses-aggregates.html
http://www.baptiste-wicht.com/2010/05/develop-a-modular-application-bases/,http://www.baptiste-wicht.com/posts/2010/05/develop-a-modular-application-bases.html
http://www.baptiste-wicht.com/2012/04/linux-kernel-tip-do-not-disable-system-v-ipc-for-x-org-and-chrome/,http://www.baptiste-wicht.com/posts/2012/04/linux-kernel-tip-do-not-disable-system-v-ipc-for-x-org-and-chrome.html
http://www.baptiste-wicht.com/eddi-compiler-eddic/,http://www.baptiste-wicht.com/stories/eddi-compiler-eddic.html
http://www.baptiste-wicht.com/2010/08/do-not-use-relative-path-with-logback/,http://www.baptiste-wicht.com/posts/2010/08/do-not-use-relative-path-with-logback.html
http://www.baptiste-wicht.com/2013/08/budgetwarrior-command-line-personal-budgeting/,http://www.baptiste-wicht.com/posts/2013/08/budgetwarrior-command-line-personal-budgeting.html
http://www.baptiste-wicht.com/2010/06/wordpress-3-0-installed/,http://www.baptiste-wicht.com/posts/2010/06/wordpress-3-0-installed.html
http://www.baptiste-wicht.com/2010/06/java-7-translucency-shaped-windows/,http://www.baptiste-wicht.com/posts/2010/06/java-7-translucency-shaped-windows.html
http://www.baptiste-wicht.com/2010/05/sonar-2-1-has-been-released/,http://www.baptiste-wicht.com/posts/2010/05/sonar-2-1-has-been-released.html
http://www.baptiste-wicht.com/2012/10/run-boost-test-parallel-cmake/,http://www.baptiste-wicht.com/posts/2012/10/run-boost-test-parallel-cmake.html
http://www.baptiste-wicht.com/2010/07/tip-optimize-images-on-ubuntu-linux/,http://www.baptiste-wicht.com/posts/2010/07/tip-optimize-images-on-ubuntu-linux.html
http://www.baptiste-wicht.com/jtheque-project/,http://www.baptiste-wicht.com/stories/jtheque-project.html
